姓,男人名字,女人名字
Surname,Male,Female
呆萌的,老衲,小夜
古板的,王小二,团子
奇葩的,互撸娃,喵酱
霸气的,狗蛋儿,妖精
机智的,大虾,娜娜
老练的,小虾,喵喵
寂寞的,大湿兄,甜甜
善良的,二湿兄,小鱼
肮脏的,沙湿弟,猫猫
正直的,糖僧,小小
单身的,金坷垃,小七
潜行吧,豆芽君,梦梦
吾王,字幕君,夜夜
毒性,空耳君,师太
迷之,三爷,笑笑
可恶的,熊猫,猪猪
再见,小强,甜甜圈
中二的,我受罗,奈亚子
可爱的,左二少,Saber
草莓味,口鸟人,蕊蕊
西瓜味,卡卡东,芭比
香蕉味,小李子,包租婆
未来的,豆包,冰淇淋
过去的,欧尼酱,花花
发光的,呆毛,琼琼
羞耻的,木头,十三香
神奇的,脚趾头,安妮
迷人反派,手指头,coco
么么哒,大师,糖糖
戒撸的,小笼包,泡泡
妖孽的,熊孩子,萌萌
放肆,怪蜀黍,倩倩
脑洞,仙人,小燕子
宅神,阿修罗,雪儿
无敌的,公子哥,玉凤
伤心1999,唐长老,十香
不服气的,赵日天,狂三
浪漫,老林,姗姗
天真,佐罗,多多
六块腹肌,光头强,露露
卡卡罗特,哔哩哔,momo
金刚,乔巴,雯雯
鬼畜的,二少,瞳子
抖M,阿三,莎莎
抖S,出租车,小夏
卖萌的,冰箱,公主
孜然味,提莫,琪琪
大蒜味,小莫,yoyo
影分身,擎天猪,大天使
凶手是,JOJO,十三妹
天上掉个,卡祖,莫莫
杀死,泡馍,沫沫
超神,二狗,么么
超鬼,初号机,猫猫
我的,熊二,美子
第七,熊大,雯雯
法号,凹凸曼,小雯
爱的战士,路飞,晓雯
正义战士,蓝猫,乐乐
越塔狂魔,阿信,小仙
浪人之,毛毛,仙儿
瞬间爆炸,艾伦,格格
魔性,麦兜,小倩
黑丝,笨笨,倩倩
电动,先生,小茜
疯狂,小猪,小倩
扭曲的,小光,公主
金闪闪的,包子,小诺
你好,十三郎,小
现形吧,小丑,多多
迷离的,胖胖,汐
玛丽莲,闹闹,羊羊
钢之,毛毛,鬼鬼
傲娇的,大飞,小鬼
高冷的,皇帝,雪舞
第一使徒,春哥,琪琪
第二使徒,酷酷,温柔
第三使徒,圈圈,小姐
第四使徒,麦兜,雪舞
第五使徒,熊熊,心儿
第六使徒,夜夜,欣儿
第七使徒,麒麟,馨儿
第八使徒,苍穹,小静
第九使徒,阿萨,虹虹
流鼻涕的,贝齐,傲雪
超大份,贝蒂,扶子
巨人猎手,布莱兹,素素
宇宙英雄,布鲁克,雨滴
光之,夏洛特,momo
超负荷,谢里尔,诺拉
迷糊,克莱拉,yoyo
肾斗士,德博拉,小夏
某科学的,多拉,小嫣
我叫,伊甸,语嫣
逗比特人,伊迪丝,天涯
春哥护体,艾伦,阿欣
传说中的,费滋,青青
苍穹之,弗莉达,大白
战神,盖尔,小白
创世的,乔治亚,白白
禽兽,吉榭尔,樱花
无情,汉纳,梧桐
,赫达,月影
,海伦,小花
,埃达,小兔
,艾尔玛,蘑菇
,希伯来,小丫
,乔伊,晨曦
,乔伊斯,如梦
,朱恩,囡囡
,卡玛,海棠
,吉蒂,婷婷
,罗瑞尔,嘟嘟
,罗伦,兔兔
,盖尔,糖糖
,林赛,三月
,洛兰,风铃
,穆得,落落
,塞尔特,薇薇安
,麦格,罂粟
,梅根,妮子
,欧尔佳,丹丹
,波比,一一
,罗伯塔,糖果
,鲁思,菲菲
,丝柏凌,羽毛
,丝特勒,萝莉
,托比,落雪
,厄休拉,花飞
,维隆卡,暗香
,维基,夏天
,维文,小妖
,桑席,淡淡
,耶达,浅浅
,微笑,小可
,平凡,桃子
,上帝,香香
,善良,小七
,酱油,漫漫
,颓废,华莉丝
,寂寞,旺妲
,黑色,温妮
,艾比盖,芝妮雅
,爱得莱,伊芳
,爱尔柏,莎拉
,贝齐,若娜
,贝蒂,席梦娜
,比尤莱,苏菲亚
,布莱兹,丝柏凌
,布伦达,苏珊
,布里奇,苏珊娜
,布鲁克,苏西
,西莱斯,苏珊
,夏洛特,泰贝莎
,谢里尔,泰蜜
,克里斯,特莉萨
,克莱儿,泰丝
,克莱拉,席拉
,潼恩,泰莉萨
,德博拉,蒂法尼
,多洛雷,翠西
,多明尼,翠丝特
,多拉,杜达
,桃乐斯,优拉
,伊甸,优娜
,伊迪丝,厄休拉
,伊莲恩,瓦勒莉
,艾琳诺,维娜
,艾伦,潘妮
,艾尔玛,菲莉帕
,艾西,菲碧
,埃尔韦,菲丽丝
,费滋,珀莉
,弗朗,波比
,弗莉达,普莉玛
,菲蕾翠,昆娜
,盖尔,昆蒂娜
,乔治亚,瑞琪儿
,杰拉尔,瑞伊
,吉榭尔,蕾娜塔
,葛罗瑞,蕾妮
,格拉迪,莉达
,葛莉谢,莉娃
,葛佳丝,罗丝
,汉纳,罗克珊
,海柔尔,露比
,赫瑟尔,莎莉
,赫达,莎洛姆
,海伦,莎曼撤
,海洛伊,珊多拉
,胡尔达,仙蒂
,埃达,莎拉
,艾尔玛,赛拉
,伊莎蓓,萨琳娜
,杰奎琳,沙伦
,乔,希拉
,琼,雪莉
,希伯来,希贝儿
,乔伊,玛拉
,乔伊斯,蜜尔娜
,朱恩,南希
,卡玛,娜娥迷
,凯伦,纳塔利
,凯伊,内丽
,金百莉,妮可
,吉蒂,妮可拉
,克里斯,妮娜
,罗瑞尔,诺拉
,罗伦,诺维雅
,李,妮蒂亚
,盖尔,欧尔佳
,林赛,奥丽芙
,洛兰,佩格
,璐易丝,蓓姬
,莉迪亚,帕梅拉
,玛佩尔,潘多拉
,玛德琳,赛拉
,穆得,佩儿
,塞尔特,玛丽
,麦格,穆琳
,梅根,梅薇思
,玛希,玛可欣
,玛莉提,梅
,纳塔利,蒙莉萨
,诺玛,玛希
,诺维雅,梅莉
,奥蒂列,米歇尔
,欧尔佳,蜜妮安
,普鲁登,穆得莉
,普莉斯,米兰达
,波比,蜜莉恩
,罗伯塔,茉伊拉
,罗克珊,茉莉
,鲁思,梦娜
,丝柏凌,莫妮卡
,斯泰西,穆丽儿
,丝特勒,朱蒂
,托比,朱莉娅
,厄休拉,朱莉
,维隆卡,朱丽叶
,维多利,卡玛
,维基,凯伦
,维文,凯瑟琳
,威弗雷,凯莉
,桑席,金百莉
,耶达,吉蒂
,依耶芙,莉娜
,,丽莲
,,莉萨
,,莉斯
,,洛兰
,,琳
,,玛佩尔
,,玛琪
,,玛吉
,,梅蜜
,,曼蒂
,,玛西亚
,,玛丽安
,,玛丽亚
,,马丽娜
,,玛乔丽
,,马莎
,,玛蒂娜
,,汉纳
,,哈莉特
,,赫瑟尔
,,赫蒂
,,海伦
,,希尔达
,,汉妮
,,艾娜
,,艾琳
,,爱莉丝
,,艾尔玛
,,艾薇
,,杰奎琳
,,婕咪
,,珍
,,珍妮特
,,珍尼丝
,,琴
,,姬儿
,,乔
,,琼
,,阿芙拉
,,阿加莎
,,艾丽斯
,,爱玛
,,阿尔娃
,,艾咪
,,安妮
,,安娜
,,艾谱莉
,,艾琳娜
,,阿西娜
,,奥德丽
,,芭芭拉
,,贝琳达
,,贝拉
,,柏莎
,,百丽儿
,,贝丝
,,贝芙
,,布兰琪
,,卡米拉
,,坎蒂丝
,,卡拉
,,卡萝
,,卡罗琳
,,凯瑟琳
,,凯丝
,,夏洛特
,,绮莉
,,克洛怡
,,克莱儿
,,克莱拉
,,卡洛儿
,,黛西
,,黛儿
,,黛娜
,,黛芙妮
,,达莲娜
,,潼恩
,,黛碧
,,迪得莉
,,迪丽雅
,,丹尼丝
